age;Juania_australis;Empetrum_rubrum;Pernettya_rigida;Drimys_confertifolia;Myrteola_nummularia;Myrceugenia;Fagara;Dysopsis;Spergularia;Coprosma;Sophora;Cuminia;Loranthaceae;Rhapiothamnus;Ugni_molinae;Aristotelia_chilensis;Eucalyptus;Pinus;Acaena;Rubus;Rumex;Plantago;Poaceae;Asteraceae_Tub;Asteraceae_Liguliflorae;Alternanthera;Chenopodium;Rosaceae;Gunnera;Haloragis;Dicksonia;Blechnum;Pteris;Lophosoria;Histiopteris;Thyrsopteris_elegans;Cystopteris_fragilis;Hymenophyllaceae;Lycopodium;Polypodium;Ophioglossum;Gleichenia
31,5;0;0;0;0,022006602;0;0,079323797;0;0;0;0;0;0;0;0;0,030809243;0,026407922;0,013203961;0;0,00440132;0,008802641;0,123337001;0;0,237971391;0,030809243;0;0;0;0;0;0,066119836;0,035210563;0,281984595;0,017605282;0;0,017605282;0,00440132;0;0;0;0;0;0
46,5;0;0;0;0,041662474;0;0;0;0;0;0;0;0;0;0;0,054442991;0,03200161;0;0,009660863;0;0,003220288;0,10254604;0;0,189091275;0,009660863;0;0;0;0;0,003220288;0,016000805;0;0,423065311;0,022441381;0;0,083324947;0,006440576;0;0;0;0,003220288;0;0
62,5;0;0;0,008471158;0,008471158;0;0,004235579;0,004235579;0;0;0;0;0;0;0;0,639874949;0,004235579;0;0,012706737;0;0;0,016942315;0;0,067769262;0,004235579;0;0;0;0;0;0;0;0,182230738;0,008471158;0;0,025413473;0,012706737;0;0;0;0;0;0
78;0;0;0,04949505;0,0219978;0;0;0,0109989;0;0;0;0;0;0;0;0,598840117;0,01649835;0;0;0;0;0,087891211;0;0,03849615;0;0;0;0;0;0,00549945;0;0;0,153784622;0;0;0,01649835;0;0;0;0;0;0;0
93,5;0,154369126;0;0;0,00839832;0;0,00839832;0,018496301;0;0;0;0;0;0;0;0;0;0;0;0;0;0,021795641;0;0;0,01169766;0;0;0;0;0;0,00169966;0,004999;0,260047991;0,00339932;0;0;0;0,503299341;0;0;0,00339932;0;0
107,5;0,018314277;0;0;0,008297076;0;0,168066377;0,006475766;0;0;0;0;0;0;0;0;0;0;0;0;0,000910655;0;0;0,008297076;0;0;0;0;0;0,000910655;0,000910655;0,000910655;0,785996153;0;0;0;0;0;0;0;0,000910655;0;0
121;0,252525254;0;0;0,01110111;0;0,03590359;0,02350235;0;0;0;0;0;0;0;0;0,00870087;0,03340334;0,00120012;0;0,136113611;0,01730173;0;0,01360136;0,00370037;0;0;0;0;0,0470047;0;0,00870087;0,04460446;0,03220322;0;0,330433044;0;0;0;0;0;0;0
136;0;0;0;0,0143;0;0,35;0;0;0;0;0;0;0;0;0;0;0;0;0;0;0,05;0;0,1643;0;0;0;0;0;0;0;0;0,0214;0,0357;0,0357;0,0786;0,1143;0;0;0;0,1357;0;0
151;0;0;0,0095;0;0;0;0;0;0;0;0;0;0;0;0;0;0;0;0;0;0,1381;0;0,4095;0;0,0143;0;0;0;0;0;0;0,2;0,0286;0,0714;0,0952;0;0,0048;0;0,0286;0;0;0
165,5;0;0;0;0,00680068;0;0;0;0;0;0,01030103;0;0;0;0;0,00340034;0;0;0;0;0;0,277427743;0;0,506850686;0,01030103;0;0;0;0;0;0;0,00340034;0,140414041;0;0,01370137;0,02740274;0;0;0;0;0;0;0
179;0;0;0,037488753;0;0;0;0;0;0;0;0;0;0;0;0;0;0;0;0,006298111;0;0,081275617;0;0,649805058;0;0;0,031290613;0;0;0,006298111;0;0,037488753;0,11246626;0;0;0;0,012496251;0;0;0;0,006298111;0,018794362;0
192;0;0;0,01240124;0,01240124;0;0,01240124;0;0;0;0,055905591;0;0;0;0;0;0;0;0;0;0;0;0;0,062106211;0,01240124;0;0;0;0;0,01240124;0;0,323032303;0,304330433;0;0,04970497;0,111811181;0,03110311;0;0;0;0;0;0
207;0;0;0;0,00119976;0;0;0;0;0;0;0;0;0;0;0;0;0;0;0;0;0,00229954;0;0,017396521;0,00229954;0;0;0;0;0;0;0,01219756;0,026694661;0;0,013897221;0,892621476;0,00119976;0;0,00059988;0;0;0;0,029594081
222,5;0;0;0;0;0;0;0,0009999;0;0;0;0;0;0;0;0;0;0;0;0;0;0,01859814;0;0,01859814;0,0019998;0;0;0,0019998;0;0,0009999;0;0,089991001;0,00389961;0,01369863;0,343365663;0,483351665;0;0;0;0;0;0;0,02249775
913;0,252525254;0;0;0,01110111;0;0,03590359;0,02350235;0;0;0;0;0;0;0;0;0,00870087;0,03340334;0,00120012;0;0,136113611;0,01730173;0;0,01360136;0,00370037;0;0;0;0;0,0470047;0;0,00870087;0,04460446;0,03220322;0;0,330433044;0;0;0;0;0;0;0
1074;0,24895021;0;0;0,00409918;0;0,028594281;0,059888022;0;0;0;0;0;0;0;0;0;0,021795641;0,00269946;0;0,059888022;0,00539892;0;0,01089782;0,00679864;0;0;0;0;0,062587483;0;0,00409918;0,058488302;0,048990202;0;0,376824636;0;0;0;0;0;0;0
1236;0,3188;0;0;0,0161;0;0,0757;0,0505;0;0;0;0;0;0;0;0;0,0023;0,0183;0,0023;0;0,0596;0;0;0,0046;0,0115;0;0;0;0;0,0321;0;0;0,0573;0,0298;0;0,3188;0,0023;0;0;0;0;0;0
1399;0,3159;0;0;0,023;0;0,0816;0,0418;0;0;0;0;0;0;0;0;0;0,0042;0,0042;0;0,0607;0;0;0,0105;0;0;0;0;0;0,0732;0;0,0042;0,0481;0,023;0;0,3075;0;0;0,0021;0;0;0;0
1563;0,385961404;0;0;0,009999;0;0,074892511;0,086491351;0;0;0;0;0;0;0;0;0,00329967;0,00329967;0;0;0,04329567;0,00169983;0;0,00829917;0,00169983;0;0;0;0;0,02659734;0;0;0,061593841;0,029997;0;0,259574043;0;0;0,00329967;0;0;0;0
1724;0,470552945;0;0;0,00379962;0;0,051194881;0,058794121;0;0;0;0;0;0;0;0;0,00189981;0,00189981;0;0;0,03039696;0;0;0,02089791;0,00379962;0;0;0;0;0,03419658;0;0;0,02849715;0,03979602;0;0,252374763;0;0;0,00189981;0;0;0;0
1887;0,4594;0;0;0,0125;0;0,0891;0,0828;0;0;0;0;0;0;0;0;0,0031;0;0;0;0,0078;0;0;0,0031;0,0047;0;0;0;0;0,0391;0;0;0,0375;0,0156;0;0,2375;0,0031;0;0,0016;0;0,0031;0;0
2211;0,613261327;0;0;0,00530053;0;0,140814081;0,071307131;0;0;0;0;0,00180018;0;0;0;0;0;0;0;0;0;0;0;0,00530053;0;0;0;0;0,00890089;0;0;0,01780178;0,01430143;0,00180018;0,112311231;0;0;0;0;0,00710071;0;0
2538;0,672477708;0;0;0,007714658;0;0,166616571;0,079450957;0;0;0;0;0;0;0;0;0;0;0;0;0;0;0;0,003907424;0,001903617;0;0;0;0;0,001903617;0;0;0,015529506;0,003907424;0,003907424;0,042681094;0;0;0;0;0;0;0
2866;0,677067708;0;0;0,00770077;0;0,145114511;0,087008701;0;0;0;0;0;0;0;0;0;0;0;0;0;0;0;0,00970097;0,00770077;0;0;0;0;0,00390039;0;0;0,02710271;0,00770077;0,00390039;0,01930193;0,00190019;0;0;0;0,00190019;0;0
3780;0,724527548;0;0;0,02789721;0;0,141685831;0,057894211;0;0;0;0;0;0;0;0;0;0;0;0;0;0;0;0,0119988;0;0;0;0;0;0,0019998;0;0,0039996;0,0079992;0,0119988;0;0,0039996;0,0019998;0;0,0019998;0;0,0019998;0;0