age;Adenocarpus;Allium;Apiaceae;Artemisia;Asphodelus;Asteracaeae;Bituminaria.cf..bituminosa;Canarina.cf..canariensis;Carex;Carpinus.cf..betulus;Caryophyllaceae;Cedronella;Chamaecytisus;Chenopodiaceae;Cistus;Convolvulus;Daphne.cf..gnidium;Dracaena.cf..draco;Echium;Erica.arborea;Erodium;Fumariaceae;Hypericum;Ilex;Juncus;Juniperus;Lamiaceae;Lauraceae;Maytenus.cf..canariensis;Myrica.cf..faya;Olea;Pericallis;Phoenix.cf..canariensis;Picconia.cf..excelsa;Pinus.cf..canariensis;Pistacia;Plantaginaceae;Poaceae;Prunus.cf..lusitanica;Pteridophyta;Quercus;Ranunculus;Rubiaceae;Rumex;Salix.cf..canariensis;Sambucus.cf..palmensis;Scrophulariaceae;Sideroxylon.cf..mirmulano;Trifolium;Typha.dominguensis;Viburnum.cf..rigidum;Visnea.cf..mocanera
982,5;0,025706941;0;0;0;0;0,077120823;0;0;0,002570694;0;0,005141388;0;0,005141388;0,020565553;0,005141388;0,002570694;0;0;0,010282776;0,053984576;0,002570694;0;0,002570694;0;0,007712082;0,010282776;0,002570694;0;0;0,236503856;0;0,017994859;0,053984576;0,005141388;0,005141388;0;0;0,128534704;0,048843188;0,095115681;0;0,015424165;0,002570694;0;0,082262211;0,005141388;0,015424165;0;0;0;0,051413882;0,002570694
1069,5;0,022727273;0;0;0;0;0,088383838;0;0;0,01010101;0;0,002525253;0;0,002525253;0,007575758;0;0;0;0;0,022727273;0,02020202;0;0;0,005050505;0;0;0,015151515;0,005050505;0,005050505;0;0,189393939;0;0;0,042929293;0,01010101;0,015151515;0;0;0,148989899;0,047979798;0,101010101;0,027777778;0,005050505;0;0;0,116161616;0,025252525;0,01010101;0;0;0;0,045454545;0,007575758
1176,5;0,024509804;0;0;0;0;0,073529412;0,007352941;0;0,00245098;0;0,00245098;0;0;0,007352941;0;0;0;0;0,026960784;0,029411765;0;0;0,00245098;0;0,00245098;0,024509804;0;0,022058824;0;0,223039216;0;0,00245098;0,039215686;0,009803922;0,004901961;0;0;0,105392157;0,041666667;0,12745098;0,004901961;0,019607843;0,00245098;0;0,085784314;0,022058824;0,017156863;0,007352941;0;0;0,056372549;0,004901961
1287,5;0,012562814;0;0;0;0;0,045226131;0,002512563;0;0,025125628;0,007537688;0;0;0,002512563;0,010050251;0;0;0;0;0,030150754;0,020100503;0;0;0;0;0;0,022613065;0,002512563;0,012562814;0,002512563;0,246231156;0,002512563;0,002512563;0,030150754;0,007537688;0,010050251;0,005025126;0,002512563;0,103015075;0,060301508;0,100502513;0,030150754;0,047738693;0,002512563;0;0,055276382;0,010050251;0,010050251;0,002512563;0;0,002512563;0,072864322;0
1476,5;0,014354067;0;0;0;0;0,055023923;0;0;0,007177033;0,011961722;0;0;0,002392344;0,004784689;0;0;0;0;0,023923445;0,019138756;0;0;0,002392344;0;0,002392344;0,026315789;0;0,014354067;0;0,16507177;0,007177033;0,002392344;0,04784689;0,009569378;0,0215311;0;0;0,155502392;0,026315789;0,090909091;0,038277512;0,04784689;0,004784689;0;0,122009569;0,014354067;0,009569378;0,004784689;0;0;0,045454545;0,002392344
1616;0,01119403;0;0,001865672;0;0;0,024253731;0;0;0,057835821;0,020522388;0;0;0,003731343;0,016791045;0,001865672;0;0,001865672;0;0,01119403;0,005597015;0;0;0;0,003731343;0,024253731;0,076492537;0;0,016791045;0;0,126865672;0;0,001865672;0,014925373;0,001865672;0,016791045;0;0,001865672;0,065298507;0,029850746;0,11380597;0,069029851;0,167910448;0;0;0,059701493;0,013059701;0,001865672;0;0;0;0,035447761;0,001865672
1657,5;0;0;0;0;0;0,039823009;0;0;0,026548673;0,048672566;0,004424779;0;0,002212389;0,006637168;0;0;0;0;0,042035398;0,022123894;0;0;0,004424779;0;0,004424779;0,019911504;0,002212389;0,022123894;0;0,161504425;0,004424779;0,002212389;0,006637168;0,006637168;0,002212389;0;0;0,121681416;0,015486726;0,095132743;0,07079646;0,077433628;0;0;0,115044248;0,008849558;0,017699115;0;0;0;0,046460177;0,002212389
1748;0,012820513;0;0,003663004;0,001831502;0;0,025641026;0;0;0,062271062;0,032967033;0;0;0,003663004;0,001831502;0;0;0;0;0,045787546;0,02014652;0;0;0,003663004;0,001831502;0,003663004;0,021978022;0,001831502;0,010989011;0;0,119047619;0,005494505;0,001831502;0,012820513;0,005494505;0,003663004;0;0,003663004;0,06959707;0,02014652;0,078754579;0,08974359;0,142857143;0;0;0,126373626;0,021978022;0,003663004;0,001831502;0;0;0,034798535;0,003663004
1833,5;0,007109005;0;0;0;0;0,063981043;0,002369668;0;0,035545024;0,033175355;0,002369668;0;0;0,009478673;0;0,009478673;0;0;0,045023697;0,018957346;0;0;0;0;0,007109005;0,04028436;0;0,026066351;0;0,104265403;0,002369668;0;0,030805687;0,011848341;0,023696682;0;0;0,130331754;0,016587678;0,106635071;0,045023697;0,056872038;0;0;0,078199052;0,016587678;0,033175355;0,002369668;0;0;0,04028436;0
1915;0,001715266;0;0;0,001715266;0;0,017152659;0;0;0,04974271;0,037735849;0;0;0;0,015437393;0;0;0;0;0,012006861;0,015437393;0;0;0,008576329;0,001715266;0,003430532;0,013722127;0;0,017152659;0;0,109777015;0,006861063;0;0,010291595;0,010291595;0,012006861;0,001715266;0;0,094339623;0,018867925;0,056603774;0,111492281;0,19897084;0;0;0,101200686;0,013722127;0,008576329;0,003430532;0;0;0,042881647;0,003430532
2033;0,003565062;0;0,003565062;0;0;0,019607843;0;0;0,023172906;0,085561497;0;0;0;0,019607843;0,001782531;0;0;0;0,001782531;0,017825312;0;0;0;0,007130125;0,007130125;0,019607843;0;0,021390374;0,001782531;0,08912656;0,001782531;0;0,01426025;0,008912656;0,01426025;0;0,017825312;0,07486631;0,012477718;0,080213904;0,083778966;0,237076649;0;0;0,114081996;0,001782531;0;0;0;0;0,01426025;0,001782531
2183,5;0,001383126;0;0;0,001383126;0;0,013831259;0;0;0,05670816;0,125864454;0;0;0;0,019363762;0;0,001383126;0,001383126;0;0,006915629;0,01659751;0;0;0;0,004149378;0,011065007;0,004149378;0,001383126;0,009681881;0;0,041493776;0;0,001383126;0,002766252;0,005532503;0,015214385;0;0,019363762;0,037344398;0,015214385;0,078838174;0,052558783;0,325034578;0;0,001383126;0,110650069;0,004149378;0;0,001383126;0;0;0,011065007;0,001383126
2332;0,001282051;0;0,005128205;0,001282051;0;0,012820513;0;0;0,041025641;0,111538462;0;0;0;0,017948718;0,001282051;0;0;0;0,005128205;0,006410256;0;0;0;0,001282051;0,006410256;0,020512821;0,001282051;0,029487179;0;0,020512821;0;0;0,002564103;0,015384615;0,015384615;0;0,014102564;0,034615385;0,016666667;0,074358974;0,037179487;0,323076923;0;0,006410256;0,15;0,001282051;0;0;0;0;0,024358974;0,001282051
2483;0,001416431;0;0,001416431;0;0;0,005665722;0;0;0,062322946;0,121813031;0;0;0;0,021246459;0,005665722;0;0;0,001416431;0,001416431;0,007082153;0;0;0,001416431;0,007082153;0,016997167;0,009915014;0,005665722;0,035410765;0;0,033994334;0;0;0,015580737;0,009915014;0,011331445;0,001416431;0,008498584;0,045325779;0,009915014;0,079320113;0,049575071;0,281869688;0;0;0,11898017;0,001416431;0;0;0;0;0,026912181;0
2636;0;0;0,00135318;0;0;0,0067659;0;0,00405954;0,077131258;0,115020298;0;0;0;0,028416779;0,00270636;0;0;0;0,00270636;0,0067659;0;0,00135318;0,00135318;0,00405954;0,01759134;0,0067659;0;0,029769959;0;0,031123139;0,00135318;0;0,00541272;0,01623816;0,00947226;0;0,00405954;0,02435724;0,00811908;0,093369418;0,056833559;0,271989175;0,00405954;0,00270636;0,120433018;0,00405954;0;0;0;0;0,040595399;0
2823,5;0;0;0,001162791;0;0;0,006976744;0;0;0,090697674;0,105813953;0;0;0;0,001162791;0;0;0;0;0,004651163;0,010465116;0;0,001162791;0;0,01744186;0,01744186;0,01627907;0;0,01627907;0;0,03255814;0;0;0,005813953;0,002325581;0,023255814;0,001162791;0;0,040697674;0,005813953;0,118604651;0,039534884;0,301162791;0;0;0,11744186;0,002325581;0;0;0;0,001162791;0,01744186;0,001162791
2974;0;0;0;0;0;0,012594458;0;0;0,147355164;0,057934509;0;0;0;0,007556675;0,001259446;0;0;0;0,010075567;0,017632242;0;0,001259446;0,002518892;0,010075567;0,005037783;0,008816121;0;0,002518892;0;0,062972292;0,001259446;0;0,028967254;0,007556675;0,044080605;0;0;0,027707809;0,007556675;0,103274559;0,04534005;0,319899244;0;0;0,042821159;0;0;0;0;0;0,023929471;0
3049;0;0;0,002574003;0;0,001287001;0,002574003;0;0;0,1003861;0,047619048;0;0;0;0,001287001;0,001287001;0;0;0;0,007722008;0,011583012;0;0,001287001;0,001287001;0,003861004;0,009009009;0,019305019;0,001287001;0,016731017;0;0,065637066;0;0;0,027027027;0,015444015;0,033462033;0;0;0,066924067;0,001287001;0,104247104;0,034749035;0,311454311;0;0;0,088803089;0;0;0;0;0;0,021879022;0
3236;0;0;0,00098912;0;0,00098912;0,004945598;0;0;0,158259149;0,057368942;0;0;0;0,008902077;0,001978239;0;0;0;0,00098912;0,009891197;0;0,00098912;0,001978239;0,008902077;0,00098912;0,015825915;0;0;0;0,036597428;0;0,00098912;0,006923838;0,002967359;0,040553907;0;0,00098912;0,03066271;0;0,099901088;0,045499505;0,396636993;0;0;0,040553907;0;0;0;0,007912957;0,00098912;0,015825915;0
3415;0;0;0;0;0;0,005012531;0;0;0,167919799;0,036340852;0,001253133;0,001253133;0;0,007518797;0,001253133;0;0;0;0;0,011278195;0;0;0,001253133;0,055137845;0;0,020050125;0;0;0;0,06641604;0;0;0,031328321;0;0,055137845;0,001253133;0;0,031328321;0,001253133;0,096491228;0,042606516;0,295739348;0;0;0,04887218;0;0;0;0,001253133;0;0,018796992;0,001253133
3575;0;0,001075269;0;0;0;0,007526882;0;0;0,202150538;0,069892473;0,002150538;0;0;0,008602151;0,002150538;0;0;0;0,001075269;0,008602151;0;0,002150538;0,002150538;0,015053763;0,006451613;0,053763441;0;0,001075269;0;0,046236559;0;0;0,010752688;0,009677419;0,040860215;0;0;0,021505376;0,010752688;0,139784946;0,009677419;0,253763441;0;0;0,068817204;0;0;0;0;0;0,004301075;0
3737;0,00124533;0,00124533;0,00124533;0;0;0,00996264;0;0;0,146948941;0,079701121;0,00124533;0;0;0,00373599;0,00124533;0;0;0;0,00871731;0,01120797;0,00124533;0,00124533;0;0,01743462;0,00249066;0,02241594;0;0,00249066;0;0,082191781;0;0;0,0124533;0,00498132;0,04856787;0;0;0,02864259;0,00622665;0,129514321;0,01743462;0,281444583;0;0;0,054794521;0,00249066;0;0,00124533;0,00124533;0;0,0124533;0,00249066
3896;0;0;0;0,001213592;0;0,009708738;0;0;0,110436893;0,110436893;0;0;0;0,007281553;0;0;0;0;0,002427184;0,007281553;0;0;0,001213592;0,023058252;0,002427184;0,008495146;0,002427184;0;0;0,047330097;0,001213592;0;0,015776699;0,003640777;0,058252427;0;0;0,024271845;0,003640777;0,15776699;0,019417476;0,234223301;0;0;0,126213592;0;0;0;0;0;0,02184466;0
4054;0;0;0,002306805;0;0;0,016147636;0;0;0,103806228;0,078431373;0,001153403;0;0;0,00461361;0,002306805;0;0;0;0,003460208;0,00922722;0;0;0;0,018454441;0,005767013;0,034602076;0,001153403;0;0;0,038062284;0;0,001153403;0,016147636;0,003460208;0,050749712;0;0;0,028835063;0,006920415;0,141868512;0,027681661;0,242214533;0;0;0,141868512;0;0;0;0;0;0,019607843;0
4204;0;0;0,001345895;0,001345895;0;0,014804845;0;0;0,118438762;0,117092867;0,00807537;0,001345895;0,004037685;0,00538358;0;0,001345895;0;0;0,001345895;0,01076716;0;0;0,004037685;0,01076716;0,001345895;0,03230148;0;0;0;0,043068641;0,00269179;0;0,014804845;0,001345895;0,098250336;0;0;0,025572005;0,00269179;0,193808883;0,01345895;0,146702557;0;0;0,113055182;0;0;0;0,004037685;0;0,00538358;0,001345895
4305,5;0;0;0,001210654;0;0;0,004842615;0;0;0,141646489;0,099273608;0,001210654;0;0,002421308;0,004842615;0,002421308;0,001210654;0;0;0,016949153;0,006053269;0;0;0,001210654;0,018159806;0,020581114;0,031476998;0;0;0;0,039951574;0;0;0,027845036;0,002421308;0,027845036;0;0,002421308;0,031476998;0,002421308;0,159806295;0,02905569;0,175544794;0;0;0,131961259;0;0;0;0;0;0,015738499;0
4417;0;0;0,00136612;0;0;0,019125683;0;0;0,121584699;0,080601093;0;0;0;0,009562842;0;0;0;0;0;0,008196721;0;0;0;0,017759563;0,021857923;0,028688525;0;0,005464481;0;0,056010929;0;0;0,027322404;0,008196721;0,051912568;0;0,00273224;0,040983607;0,00136612;0,144808743;0,038251366;0,150273224;0;0;0,129781421;0;0,00136612;0;0,00136612;0;0,031420765;0
4526,5;0;0;0,001358696;0;0;0,019021739;0;0;0,133152174;0,099184783;0,001358696;0;0;0,00951087;0;0;0;0;0,006793478;0,019021739;0;0;0;0,006793478;0,005434783;0,014945652;0;0,001358696;0;0,039402174;0;0;0,016304348;0,002717391;0,054347826;0;0;0,066576087;0;0,116847826;0,044836957;0,161684783;0;0;0,157608696;0,001358696;0;0;0;0;0,017663043;0,002717391